u_id,u_email,u_phone_number,u_first_name,u_last_name,u_nick_name,u_password
1,johnsonjoshua@example.org,218-196-0013,Jesse,Guzman,jennifermiles,&qi+O83s*GE3
2,dudleynicholas@example.net,495-931-0341,Melissa,Delacruz,oramirez,^7vLXlf0Gz2T
3,trujillorichard@example.org,395-376-7242,John,Hoffman,,94zPN$(s%J%G
4,maldonadoamanda@example.com,514-627-0482,William,Rodriguez,meagan89,+LutWO(yy$52
5,spenceamanda@example.org,278-248-9638,Karina,Vaughn,raymond57,4DVD4^Yh(p75
6,jenniferkhan@example.net,737-631-1656,Robert,Shields,nuneztracey,@x62LJ860KMS
7,gabrieltucker@example.org,602-606-4746,Heather,Cross,smoore,S$%0PpSx^xWb
8,bethwilliams@example.org,699-854-3534,Randy,Powers,stephen10,937vdrF+*eSz
9,mcmillandennis@example.org,182-449-3534,William,King,,1$U)ynKe!(vd
10,russellwilliams@example.com,053-315-8692,Sara,Young,theresacochran,ujI&0F+xG#M2
11,andrewlee@example.com,414-586-8501,Natalie,Green,benjamin96,y^s2$Ntlcv52
12,elizabeth14@example.net,465-648-2366,Erica,Orr,richard04,U%MN3zsk0&3Y
13,jeffrey32@example.org,037-917-6936,Troy,Sanchez,staffordmichelle,ldMTt()f@6BH
14,jrivas@example.com,277-434-8734,Scott,Reeves,josephflores,(de%ISEeJ1Vd
15,kenneth66@example.net,893-734-6706,Matthew,Shelton,dramsey,t#b&9qRaCLCr
16,currybrett@example.com,310-033-0923,David,Caldwell,stevenscott,xfj^BUuUt2Tt
17,terrykevin@example.net,919-058-6518,Deborah,Smith,,xZneDnx7l&N7
18,mariahmiller@example.com,379-965-0752,Tony,Kelly,matthew94,&fOidQOg(0dA
19,ronald85@example.com,744-431-3518,Stephanie,Vaughn,,$ViWpn9E3e)X
20,danamullins@example.org,094-777-5204,Shelley,Woods,,Uc+m6&PcI@Xj
21,ntorres@example.org,913-341-2328,Charles,Smith,enorris,%0HcjkYavJSZ
22,lauralarson@example.net,471-746-4887,Samuel,George,mnavarro,xn0wzbh#h%Ct
23,ecosta@example.com,655-125-6746,Lisa,Pierce,,*xHKiaSI1EhY
24,sarakim@example.net,710-932-4808,Ricky,Walker,,n@7PDnu6SGuP
25,sarah84@example.org,449-972-7875,Martin,Hines,,&5KpIBNg7zka
26,molly71@example.net,702-621-7459,Heather,Santos,melissa86,^5c97Rbie*0A
27,johnjenkins@example.net,222-196-9379,Douglas,Murray,steve07,%DVZc6o2G85F
28,khill@example.net,097-439-5339,John,Campos,,sZ2KUd&9_0)R
29,robin74@example.net,517-123-6851,Krystal,Smith,gibsonemily,m_(5Srmt4%4t
30,brandonjohnson@example.com,113-826-7586,Brenda,Barber,fpena,d)KIEyFbZ%6x
31,williamsmatthew@example.org,931-839-3352,Kristina,Carlson,,6%a@@E5r0$g2
32,hayesjeffrey@example.net,084-700-7661,Tracy,Browning,lammarc,YVe1W9iJ#(aE
33,abeasley@example.com,766-156-5452,Gloria,Wells,,@gmTnTC)E1hC
34,michael98@example.org,273-158-5149,Jeremy,Patterson,,Z(9n71vAD!qT
35,davisalyssa@example.com,675-254-5991,Nicole,Moore,,)aNV8hcJ80Ob
36,smithkevin@example.org,244-510-7622,Omar,Padilla,charles06,U!e7(@ClXku&
37,zwarren@example.com,535-218-1883,Rebecca,Bailey,,_2HiadjOh+2u
38,cjones@example.net,449-058-1477,Benjamin,Wood,chase19,U8g$to1W)wLM
39,benjaminzimmerman@example.com,889-255-4665,Erika,Williams,,&c_fatkCV_5C
40,collinsnicholas@example.com,281-685-0542,Stephanie,Peterson,ilee,#j1r#CizF0nJ
41,udiaz@example.org,794-738-3473,Micheal,Valentine,,j7Y+jWq$*Fve
42,shannon82@example.com,137-506-0685,Joe,Vang,,^3aAk9nd_eL!
43,anaacosta@example.net,614-341-0369,Stephen,Rodriguez,bcarlson,89!EU1Sh_wSk
44,reidtina@example.com,051-531-9520,Michael,Morgan,mariacohen,+%jUf$2$vQ7S
45,michael05@example.com,156-676-5277,Michael,Salinas,laurie61,&*C9FfrKLf9X
46,lambertrichard@example.net,202-970-2135,Michael,Herring,jacobserika,^_F^8x@yQ5(O
47,heather73@example.org,217-271-5518,Amber,Vance,,P(2_2@ZllSX#
48,khammond@example.org,251-778-5289,Hunter,Burch,dshaw,08jDvso6@SEA
49,georgeweber@example.net,590-010-9439,Robert,Fowler,ismall,lc4^%Ph3%Bfg
50,floressteven@example.com,732-104-6963,Sydney,Barrera,sarah53,7A@vQx3o#Ora
51,jordannicole@example.net,565-060-9835,Angela,Jones,,7zY(yHkD(h2r
52,linda87@example.org,982-595-2694,Brittney,Romero,,TN@w(IAsq8P(
53,silvageorge@example.net,962-309-1307,Lee,Hernandez,,juqg%q3C+Q3N
54,chelsea33@example.com,843-443-7575,Ann,Michael,,USs+Dj_d4^uJ
55,sarah42@example.org,993-308-3301,Robert,Love,maldonadoderrick,(r22xBNu&URf
56,sharonhayden@example.com,004-991-5478,Alice,Small,,280L7Oik#i0p
57,lcaldwell@example.org,753-046-3745,Kevin,Sharp,,d%4UIPslB!t9
58,spencerzhang@example.com,687-833-9187,Allison,Cox,brownamy,(CQ(3V&r3LSL
59,jennifer64@example.org,391-065-1801,Valerie,Kennedy,,_%6xFyLtF^Fq
60,victorialong@example.org,300-478-6863,John,Reed,jacob10,_rT%yLbq6$KR
61,lisadennis@example.com,995-342-8364,Joshua,Hawkins,conniesimmons,*kLI+FuN0Ael
62,nsanchez@example.com,175-183-0469,Carrie,Russo,lindamatthews,3tA83Gph_tde
63,oscar85@example.com,458-771-7535,Lawrence,Williams,joycesmith,I+(GnSax7mx9
64,donaldpayne@example.org,808-010-0623,Carlos,Hernandez,,%Zvta@lI$f8O
65,danieldavis@example.org,339-845-4615,Susan,Stevens,,nvza#JFNZ$3o
66,hallrachel@example.net,974-014-8902,Sarah,Edwards,,m9uATyoc$GgE
67,davisjesse@example.org,599-965-0477,Jeremy,Tran,rreynolds,X)6&CyYgB*!A
68,lopezshane@example.net,861-015-8199,Kristen,Shields,,j!Tz4QNm77_0
69,johnathan37@example.net,937-124-0659,Noah,Atkins,pcook,W)N1H2JYxkC8
70,brittanygardner@example.net,807-374-1672,Cynthia,Allen,jennifermccormick,VR@TIpxdmV7(
71,hartdeanna@example.net,656-101-4388,Angela,Watts,seanmyers,+_N9uWnqDDk9
72,tflores@example.org,105-123-8282,Mark,Simmons,,Y3ZHgrLJ*m8e
73,mark71@example.com,785-969-6915,Michael,Ellis,,&)#A1dPI4GTs
74,tracytaylor@example.com,790-507-2368,William,Simpson,,o7&#N98R_wgi
75,amber07@example.net,361-340-7451,Scott,Mcknight,jasonrojas,Y5_3t%D8+BW9
76,sydneyfloyd@example.org,422-325-3672,Barbara,Adams,ebrooks,h1qMOVqo_xYd
77,fsummers@example.com,545-892-9750,Brandon,Sims,,*!D2cfa+v806
78,ugarrett@example.net,361-103-7129,Jeremy,Frazier,smithmatthew,e6&l*FAG@WZc
79,scottbowen@example.net,269-731-1219,Jessica,Bell,,6Z65Z9e@oq3&
80,bowerslaura@example.org,761-379-1805,Sarah,Anderson,,c6wj@%r#)kPL
81,joshuacollins@example.net,328-569-1463,Brian,Miller,,XA&gOtd0wQj1
82,wiseanthony@example.com,481-491-7785,Brian,Villarreal,michaelscott,(g!@!$xu1x9V
83,john54@example.org,951-802-3806,Casey,Marshall,,%!4KAYcVOj2s
84,hallmichael@example.net,050-641-3836,Travis,Brown,jenniferdavis,sLhUP8Nw%b)$
85,jesus32@example.net,121-277-5618,Michael,Townsend,qparker,@n1#nCFzEPc7
86,codygarcia@example.org,100-323-6519,Brenda,Lowery,,@KCsnCgM0U0H
87,jason24@example.com,720-999-3476,Nicole,Mendoza,,JZk6zMeG@4jD
88,hector59@example.org,040-785-9321,John,Allen,,Uy0Yzh5Bg(Ve
89,lweaver@example.com,010-393-0870,Martin,Mendez,,tfB@V5Wop#Fv
90,marcus26@example.net,752-895-3926,Kurt,Barker,gregorysmith,x9Mux4Tv_hy+
91,sean43@example.org,154-100-6762,Nicole,Snyder,ybell,a70^oZBw@sFg
92,bbush@example.net,296-201-5336,Heidi,Bowen,,+5Ivo+EJ9a82
93,tiffany71@example.com,677-418-6256,Mike,Griffin,scott43,hb&9BxVeo%IR
94,fostermelissa@example.org,898-992-1722,Teresa,Stokes,bradmiller,_WBfl&uS_6tG
95,perryeddie@example.net,911-914-8564,Patrick,Washington,rjohnson,c&Hrd$NtFD2T
96,dennismccann@example.com,546-913-7367,Katherine,Camacho,robertsonerik,jQU0q2Me%E8F
97,maldonadojohn@example.com,972-798-5524,Kaitlyn,Barker,anthony02,43aPuxcN))3H
98,rodney65@example.com,437-489-6910,William,Bates,,^A*UzZt7e8A+
99,erin07@example.com,466-609-9353,Gina,Little,qknox,oq18Jfli1cC^
100,vfrench@example.com,494-717-0999,Charles,Preston,,R(q+zVzmz_11
101,lawrencebrown@example.com,432-927-1296,Cynthia,Powell,,R6wsiRA!*bqB
102,gary04@example.com,789-856-2575,Karen,Martin,,&0gV0Fa#q6Hh
103,butleromar@example.net,472-304-6184,Cindy,Haynes,,X8k1XQnxEI+&
104,aaronpowers@example.org,972-181-1437,Vanessa,Phillips,lwilliams,c!4orz_ZCswL
105,moralessuzanne@example.com,676-212-0216,Rhonda,Webb,ywhite,rfr^OrK%a9Av
106,april91@example.com,375-628-9002,William,Harrison,,O*x$4CHyLlL2
107,garciarobert@example.net,801-994-8837,Stephanie,Cox,,T3Naeki4!nxO
108,princetravis@example.net,614-933-1637,Makayla,Lee,daniel60,ry9Px!gSK_uD
109,msandoval@example.com,866-934-6547,Linda,Taylor,,SBJS43ec))8w
110,jennifer58@example.com,996-846-0810,Oscar,Brown,,kycy%k3S!LI3
111,yyoung@example.net,406-665-8004,James,Melton,ogreer,SWYxs1c1+5FJ
112,adam72@example.org,259-094-7985,Charles,Zimmerman,,3qIR&43C(4FR
113,sean99@example.org,056-164-8408,Lynn,Brooks,stucker,&_xjRYqY3c3K
114,andrewlove@example.org,110-248-1934,Rickey,Hayes,,GK!f6h$aE&9c
115,qfoster@example.org,728-326-8424,Erica,Sloan,susan08,!bR2DhsDI(P+
116,emilybradley@example.org,878-141-4139,Tony,Rivera,emilyyoung,BLXACTgBJ!%9
117,dennis57@example.com,754-781-2914,Michele,Taylor,,r^I@P#Vx(t3S
118,philip94@example.org,788-165-8039,Gabrielle,Todd,seanwhite,)24O%x$3tEXL
119,mary49@example.net,926-659-1846,Teresa,Walker,wgomez,P*0^Z31af(7T
120,lmendoza@example.org,603-029-9228,Benjamin,Armstrong,,QI2Irffw4!MN
121,cindydixon@example.org,579-913-6621,Allen,Mills,mserrano,@qRh&PtR!vc2
122,zperez@example.com,659-916-2473,Renee,Miller,ascott,(!a0SEqa6p+F
123,jarnold@example.com,258-874-4956,Jill,Wyatt,,L_13HDSheXx!
124,qdavis@example.org,519-066-9849,Brian,Ayala,,2#79OWa50#5!
125,elizabeth69@example.org,801-184-8955,Sylvia,Hill,shawnpowell,PTP4(F7nk6!F
126,bmosley@example.com,141-633-5658,Amanda,Haynes,john16,uN5C7rctO_gq
127,wilsonchristian@example.net,790-807-5957,Rachael,Ibarra,,y)44U%lfSPHP
128,astewart@example.org,369-155-9428,Jose,Adams,,O35Lp8f))4*7
129,thomassmith@example.com,728-857-4489,Brandon,Garcia,briancervantes,CE*uOx(qx21a
130,champton@example.org,694-722-5699,Richard,Meadows,martinjeremy,W4r^ihQL0p)W
131,randydavis@example.com,800-681-1492,Christopher,Huynh,pparker,)QO#EtpM+4Su
132,owelch@example.net,688-457-8317,Kyle,Gutierrez,kevinsmith,Rc5JAipWkS1#
133,oclayton@example.com,163-894-4846,Jacob,Jones,keithwalsh,Y1@)R7Iwef5+
134,kristi75@example.com,051-204-6187,Hunter,Huang,,ye%yAd2g&b6G
135,garnerandrea@example.org,474-350-3136,Mark,Jackson,brenda63,d0Sj6OcD!i%z
136,tonystewart@example.net,573-065-2407,Jasmine,Hansen,llopez,(qKp+RLmS5jx
137,kimberly35@example.net,186-387-8294,Marcus,Davidson,davisdonna,2!*FnaQb6F2^
138,dowen@example.com,865-094-8014,Christian,Lewis,,5(2aUwxThi1D
139,laurapierce@example.net,528-975-5855,Robert,Schultz,charlene98,$6xYHryWQzA6
140,samantha88@example.net,921-075-2245,Pamela,Wright,,Hsgfk0CdU%W4
141,weeksmatthew@example.com,613-906-0480,Luis,Cunningham,,^bzxhUhJ8_CW
142,christopher86@example.net,227-837-6938,Christina,Fitzgerald,johnadams,&b5VBV@szXzK
143,ginamoore@example.net,110-392-4051,Kevin,Ruiz,jason83,$Ng_Q@Vy$89k
144,jonesdonna@example.net,510-463-6815,Todd,Harper,,2Te#qAOh@cGA
145,natasha08@example.com,325-621-6893,Robert,Berry,,L)4Uck_cs&Tt
146,grantstacy@example.org,252-056-6474,Edwin,Lopez,,yX2XWAy^j)#M
147,kwells@example.org,306-046-3331,Gregory,Blevins,,*w6H$gGB9gVP
148,cbryant@example.org,886-086-8034,Scott,Wilkerson,,%udsM7Fn1VsS
149,shawnmosley@example.org,714-521-1175,Christopher,Zimmerman,nicholasjames,#+_iSAgv95sx
150,ifoley@example.org,973-397-7671,Carolyn,Smith,christine83,a#EboAu$!2bb
151,xcurry@example.org,145-561-6814,Thomas,Martinez,mark68,(f3zNTvb9$BQ
152,lvasquez@example.net,343-010-7139,Yolanda,Gutierrez,michael30,_^ASiWCjUx32
153,timothyburton@example.net,576-084-9588,Andrew,Ray,,^5yYCUeWpheB
154,xwiley@example.com,438-421-5031,Scott,Johnson,jstein,$5CixyQz3#Pp
155,cookpamela@example.org,840-943-5334,Joshua,Flores,rlambert,2YQ3DI_d#6^X
156,anthonyberger@example.org,160-166-2997,Christina,Edwards,jenniferlambert,M)mu1YyeM(4p
157,hollyortega@example.com,770-171-5772,Justin,Bailey,williamsullivan,akRHIKry+1mV
158,gilbertcaldwell@example.net,971-997-5817,Gregory,Blanchard,georgegina,Z%46UKlpaL)X
159,ashley46@example.net,519-098-6240,Mike,Dunn,smithann,5d^BJGabN11u
160,dennisjones@example.org,276-212-6796,Cindy,Gibson,carnold,JHOge7uf#&N5
161,jessicafox@example.com,781-891-3718,Lauren,Edwards,bergeramanda,tUOEy90qW!77
162,douglaskelly@example.net,904-712-8144,David,Campbell,alexis19,aF0951Xeyx#m
163,kbarber@example.org,950-410-2767,Kevin,Reese,,eN_q!Mvcx(3t
164,matthew41@example.com,967-393-8525,Amy,Chambers,smithconnor,f67X%Vh4W@L&
165,pauladominguez@example.com,471-746-5421,Joshua,Brown,dcook,%42HZ(SJXoKF
166,kimberly07@example.org,006-425-6908,Jasmine,Wise,,j6R!wxNT*EMH
167,christopher74@example.net,328-063-4615,Tom,Mcclure,,*fVO%EbRnLz3
168,lewisdesiree@example.net,782-931-0270,Thomas,Hardin,sanchezdeborah,sm*XnUb(WX!2
169,david98@example.org,530-925-1142,Katherine,Jackson,angela73,kY0)r^!deV8E
170,daniellemills@example.com,329-092-7914,Michael,Smith,,$X3zPMYq$(Do
171,newmanjustin@example.com,459-701-0822,Kristen,Washington,jonesjoe,*h9S(4kI2r^V
172,xthompson@example.org,735-435-2090,Juan,Rodriguez,,i497NwtfS*IQ
173,blairjill@example.org,356-939-2906,Tina,Williams,,*8lmL5TngwB9
174,evan79@example.net,907-726-2570,Michelle,Jones,alyssa46,kk9rgsvb%(RX
175,castrokim@example.org,538-179-3355,Rachael,Gordon,eramirez,P^M5nsOpbdyr
176,keithfrye@example.org,241-272-3804,Robert,Fleming,thomasfisher,%q0wJIDgC+do
177,george43@example.com,540-254-7292,Jennifer,Mitchell,,h2UKF3eb#_Ly
178,xvelazquez@example.org,752-088-5474,Tara,Webster,,)uD(Nsc(@2ZE
179,brandywalker@example.com,301-871-8637,Louis,Jacobs,,eJ!!MAKe3rg5
180,achandler@example.org,991-234-7851,Sarah,Garza,,Z80MAt2n&1mA
181,ywalker@example.org,244-714-6273,Anthony,Hubbard,,EN*7cTmxg@71
182,michaelbrown@example.com,650-448-1832,Kathy,George,amybrennan,dERI__8j_40v
183,butlersabrina@example.org,207-545-2798,Kathryn,Peterson,anthony13,#WyJi(@hJ2#a
184,bradley40@example.org,193-932-5012,Meghan,Mcmahon,michael89,*U@42Sscy$38
185,scottrosario@example.org,566-383-6151,Steven,Stone,,T*CW8WBjKS5p
186,harry71@example.com,781-126-6912,Calvin,Hester,,)of83VTm^HNW
187,katrinarodriguez@example.com,773-201-0170,Teresa,Reyes,eric99,Q@M9O1VyR@iz
188,cramos@example.org,284-276-2467,Kathryn,Carroll,rkeller,(+%7Vpci99VP
189,oscar65@example.com,650-333-4911,Misty,Wilson,andrewnguyen,s7SVyqGU**6C
190,michael63@example.com,183-440-4963,Claudia,Rubio,vargasjoshua,)kPAlKR2HYn8
191,barbaralewis@example.net,748-969-0835,Steven,Allen,,Bn%4NmZn+I(2
192,chenderson@example.org,242-044-8207,Kimberly,Brown,edwardskenneth,a@v6L(gvQnwu
193,mejialawrence@example.net,636-321-2347,Ricky,Roy,,!(SN68k_N7Rl
194,vazquezkristina@example.org,486-451-8376,Alan,Yu,kevin34,B$2ku^jOguCO
195,bellcarrie@example.net,570-027-2063,Courtney,Edwards,,Q@n1FhkBNg7c
196,zrichardson@example.com,930-089-3173,Jose,Christian,,W+w6T@QnunO!
197,nanderson@example.net,343-626-2044,Joe,Hayes,mikesutton,)Bdcepg6**1A
198,smithwilliam@example.com,465-280-9242,William,Conrad,uanderson,7B8OyNeJ+7nu
199,jillian72@example.net,703-203-2074,Frank,Mcdonald,,EeNBoq)&q@7P
200,foxashley@example.com,137-150-4165,Brittany,Bean,eric17,+V!xOuCggw73
201,manningamy@example.net,616-423-6103,Frank,Chan,deborah21,g%sWE7Z2Kn7W
202,ryansimmons@example.org,857-327-8814,Taylor,Miller,ievans,4qStPPIM_mEH
203,lwhite@example.com,016-459-7794,Matthew,Hull,jasonmiller,K@H!adHah)4V
204,fballard@example.org,203-103-0372,Debra,Graham,christophercarrillo,(#gKN@a59n7N
205,vallison@example.net,984-076-7899,Savannah,Stein,dhall,B%s0NNvs(@92
206,brianacohen@example.net,724-665-7293,Justin,Curry,,7f*IzE3$_rE+
207,owilson@example.org,837-455-0842,Melissa,Russo,,u)LW(bXjwm1*
208,jessicaerickson@example.net,712-552-1376,Kayla,Smith,,07eIYJhq*_5t
209,ramoskayla@example.net,811-556-2606,Katherine,Keller,rachelbrown,HcSngt!8_8JL
210,zterry@example.net,634-108-5628,Victoria,Campbell,,Qi+#Rj5j@z8%
211,david17@example.com,907-539-9893,Michael,Mitchell,jenniferstone,VmE*Knq%$1LF
212,cfields@example.net,762-282-7728,Michelle,Wilson,stanleyjohnson,#I(UL+dzA8k_
213,jason70@example.org,851-067-9497,Rachel,Harrington,,*Zib+f&yYG9E
214,debbie20@example.net,481-813-9890,Susan,Boyd,bshaw,@3FoU&aB8OvD
215,patrick11@example.org,824-224-1246,Erika,Brown,,%2BIAFw(^hVO
216,floresangela@example.org,706-304-8913,Kathryn,Pearson,,LoPjSR0nw#4$
217,aaronmahoney@example.com,494-653-9840,Evan,Ferguson,,dnf@C3PmrvZ4
218,matthew79@example.com,020-970-0268,Paula,Warner,,&8RsmK)zFWGC
219,sharon70@example.org,045-319-4337,Tammy,Johnson,,2*9qaOSaTcTG
220,nicoledaniel@example.com,308-948-7060,Melissa,Morris,,&OQ4f$vRBGCD
221,starkjames@example.com,411-076-0954,John,Wells,marissa58,$iYUY%#to1)u
222,rjones@example.org,804-661-9639,Kristin,Hanson,yreyes,DvjLTd*W&k9U
223,nolson@example.com,232-002-4968,Susan,Webster,,_%WRxya_5m9%
224,jaime77@example.net,599-594-6521,Shawn,Mccormick,crawfordsamantha,M3WihlFH_!!E
225,llee@example.com,003-342-3425,Melanie,Sanchez,andrewcameron,G0V@A5lavyze
226,amandabenson@example.com,963-099-3842,Mark,Brown,monique89,kkX0XrhcQ*e3
227,ylittle@example.net,033-373-6346,Pamela,Duncan,,^&4EVMRcMIlB
228,josephjones@example.org,488-814-3111,Michael,Payne,james54,%_peS7iw4zGm
229,michelleperez@example.net,373-898-7751,Lawrence,Lopez,cclark,()L!leDJc0jR
230,tiffanygamble@example.net,999-663-6186,Jacob,Rodriguez,,)7S#cU1jx95a
231,jacksonmichele@example.com,621-286-7163,David,Harris,qmeyers,*VPc8!_sH2QT
232,robertsnicole@example.com,546-926-3296,Stephen,Bartlett,hollydavis,809tdHfO+Sz^
233,nmartin@example.net,070-176-5636,Benjamin,King,markgoodman,*7w_co0@*9CG
234,scottthompson@example.net,083-708-1647,Brian,Smith,pwang,@3@mccw*^bG$
235,colleenvilla@example.com,613-315-5206,Destiny,Smith,stephenjones,%4%Wy*bzo09L
236,gregory57@example.org,509-976-8389,Janet,Smith,jensenpenny,iX%FXn3#uW3g
237,meyertiffany@example.net,403-553-3803,Laurie,Horton,cathyjames,!^^2Y_OuVnu2
238,frank33@example.com,293-449-7347,Christopher,Kaufman,,KP6ipk@G&iuF
239,dford@example.com,689-715-2732,Sabrina,Smith,travis66,Az^rzMup+wj5
240,heather66@example.net,337-050-2497,Sheryl,Hernandez,carrielynn,&eGey^yq#0DP
241,jessica11@example.net,952-436-4027,Aaron,Jones,pwarren,Fe21wLFf%%67
242,oneillgabriel@example.com,161-415-0937,Todd,Hodges,brownkaren,*Q!9zZbNCJ!r
243,wbishop@example.com,107-620-9184,Stephanie,Walton,,cqQO!ZvtY$5g
244,nross@example.org,567-164-9328,Nancy,Glover,,O+nzzMewNS8B
245,martinsarah@example.com,434-712-8715,Monica,Huynh,,Fkg)ZTpl41&U
246,david56@example.net,040-983-6655,Lauren,Peck,aprilguzman,RM_vMaLW$1le
247,hillmelanie@example.net,737-460-5233,Isabella,Williams,,Amt#mHJN7G^X
248,udavis@example.net,047-292-7742,Jason,Brock,jillsmith,kp9ycDvEN+(Q
249,hsanchez@example.org,674-926-1764,Cynthia,Wallace,,)Zt4Dzcd&!G1
250,corybrown@example.net,260-688-8718,Mary,Ryan,,_1(pY!LByUa&
251,michael82@example.com,034-084-8729,Tracy,Edwards,catherine83,511nwWVb)Y+6
252,duffyerica@example.net,283-143-5989,Frank,Underwood,,^67RMIa&tj_l
253,nicholasgarcia@example.org,284-971-8594,Andrea,Lawson,,GD2xRWyN)!QK
254,brian53@example.net,967-275-7844,Stephanie,Meyer,,+wIB&^Ju0%3T
255,timothyrobertson@example.net,816-093-0685,John,Stevenson,lawsontami,^_Q8HGFft6Ri
256,rojasashley@example.org,480-797-0509,Steven,Evans,smithpamela,*O6QL)a+#4HA
257,mayodiana@example.com,225-605-3134,Billy,Foster,,b+5y(Ofc)hjB
258,sparksdavid@example.com,803-056-9067,Keith,Tucker,jwright,8(h+bJNj*8F1
259,andersonbenjamin@example.org,260-931-0668,Kirk,Schultz,jeffreysimmons,$NEv86u1!!B9
260,johnnyhenry@example.com,411-082-5559,Allison,Watson,jason61,W$Uxm2K*@XA2
261,andersonrobert@example.net,485-571-6176,Alexandra,Farley,,d)$TTdiH!2x0
262,jackmoore@example.org,908-788-4434,Jeanette,Arnold,jeffreyferguson,v0)q$ez3%ZYU
263,jennifer69@example.com,500-534-2408,Diane,Parrish,,cv71W3Xx3Yp)
264,eddie71@example.com,272-239-7240,Kyle,Mcclure,mmcdaniel,@tn2QflWF@Ci
265,adamssheena@example.net,001-851-3279,Patricia,Ochoa,martin23,Y)n8WPi_t@!_
266,vasquezvicki@example.org,145-195-1510,Cassandra,Thompson,,(5TAmD*tavfe
267,lukemyers@example.net,711-964-2152,Hunter,Cruz,,d^kClaNIOpR7
268,xrose@example.net,313-503-0587,Susan,Mccall,pruittmichael,#SuJ3Oe(d_g4
269,batescharles@example.net,202-521-3109,Mariah,Butler,,7dXICje9#r#h
270,dfrazier@example.net,498-436-2418,Nicholas,Tapia,,%Hm3WMtNaH+%
271,daniel15@example.net,503-428-1139,Alex,Browning,andrealittle,yT!k$Ic!E8H3
272,riverapeggy@example.net,182-096-7904,Evan,Fleming,,rlai1Whfa@Dk
273,macdonaldkim@example.com,339-912-9710,Douglas,Harrell,portershawn,#E&1jFNcq4_)
274,richard92@example.com,589-551-6874,Natalie,Esparza,oliverdawn,!+3+H^Gr&MZW
275,lowerysandra@example.com,365-155-9737,Danny,Gibson,,ZB2WPveJN%(w
276,thomasjoshua@example.org,476-834-2016,Matthew,Mullins,jamesmcmahon,*xKtUwTs2f7R
277,peggypeck@example.com,516-480-7279,Connor,Robinson,robertpayne,DwxU@9Mg#qda
278,wmills@example.com,127-652-8928,Ryan,Mitchell,swalters,n&@1*hCz)Plb
279,ewilson@example.org,576-605-3844,Nichole,Baker,,&@koQgn0U3AG
280,oanderson@example.com,265-826-3128,David,Ray,,w3&KYR#fu^4g
281,johnhurst@example.com,383-640-4120,Danielle,Riley,rodriguezsara,71^ot1EjIO@3
282,hectorsmith@example.org,990-155-7998,Adam,Boyd,,#%P1qG4t4fv7
283,stuart76@example.net,634-234-6199,Larry,Bauer,chamilton,mYWJiFY%&9XV
284,raymond12@example.com,625-313-5525,David,Flores,,TB5%8GoTf!5b
285,james07@example.com,046-117-2959,Patrick,Ray,,pzt90Uzt#Z^%
286,richard85@example.com,906-477-1591,Anthony,Williams,,!24&DkmR!c$r
287,knelson@example.org,971-252-9671,Aimee,Allen,rstanley,7^&7qaHc^x%!
288,jason98@example.net,547-281-2356,Theresa,Parrish,kimberlylopez,A6Z_Fv5s%#aL
289,zlewis@example.net,685-074-5106,Jessica,Henderson,,V%O3MZw4$f7%
290,gmyers@example.org,473-235-4940,Clinton,Gordon,,A+9Bx1s_!NP1
291,wheelertara@example.net,073-710-0943,Alicia,Jackson,kimberlygarcia,gO7O5@Epr+ps
292,hernandezrobert@example.org,257-039-6531,James,Blevins,sheppardnatalie,0tDC8O8qU_n)
293,montesvictor@example.net,272-849-8247,Keith,Marsh,,87BAJa!6!8pg
294,douglas36@example.net,143-075-3666,Tammy,Garcia,samantha94,q9Ni6IvA#uM1
295,gbenson@example.net,575-676-6708,Anthony,Wang,,2TFXsq$j@bMi
296,nelsonvalerie@example.org,591-497-5019,Emily,Stevenson,mileszachary,s7+Efvlh(%+r
297,wallscott@example.org,146-723-8497,Michele,Williamson,,1&a0gSUabwO2
298,jli@example.org,471-960-9409,Sean,Odonnell,,L!+PpOsxP^+2
299,joshuafarmer@example.com,617-679-2988,Jonathon,Wolfe,breanna61,!0OcB5Xtkfrf
300,danny17@example.com,902-517-6298,James,King,oshelton,l2NYb3ls2Iq$
301,nlee@example.net,785-598-2176,Colleen,Sawyer,martinezzachary,$R@PhnGE@19R
302,imontgomery@example.net,197-400-5643,Matthew,Hubbard,jamesmontoya,^w0ep#ywWX^H
303,johnsonwilliam@example.net,567-430-0038,Cathy,Gray,tranbrett,w_KsyF2K&2VN
304,marksjohn@example.org,102-724-0559,Diana,Sanchez,,N)^TmOgE%42v
305,luis88@example.org,056-974-1328,Jerry,Harmon,davidhardy,#iw0n8Hwx%pG
306,nicolaskeller@example.net,040-850-9549,Jay,Johnson,,ju9lNwn9+RJf
307,preese@example.org,044-138-4596,Benjamin,Hill,donna90,B71MSvxN@4%v
308,alexanderjonathan@example.com,472-322-9031,Diamond,Lopez,criley,zy@Bow$5((3^
309,bjones@example.com,205-955-6574,Christy,Martin,,@!lEjPsD3n4f
310,hryan@example.net,097-887-5439,Kelly,Sanchez,,Bx5HwIoT^$N5
311,kimberlyrussell@example.net,294-455-1166,William,Hernandez,xchen,0I2eMOan$0^Q
312,pterry@example.net,415-599-9101,Joanne,Kelly,,gKidg6UoP+*V
313,uthompson@example.net,413-475-0988,Bethany,Anthony,ymitchell,mb23EUX*9^8K
314,elizabeththomas@example.org,882-090-8830,Tracy,Carson,james96,n7(+oeJ7pzgQ
315,murphywilliam@example.com,781-506-1853,Mckenzie,Guerrero,averycourtney,$22SN1m)Y&Qf
316,ngrant@example.net,206-496-9357,Alyssa,Best,,N%JEN*vrh93C
317,qhuber@example.org,562-779-6304,Joseph,Lewis,,BbRyJ7%N&0$L
318,kimberlyrodriguez@example.net,952-980-0615,Rhonda,Wang,penaapril,o8f9+FGf^@oh
319,moorekevin@example.org,304-166-2411,Charles,Bowen,vsmith,g(2W9BEd827a
320,tammyhoffman@example.com,488-360-7658,Jennifer,Chavez,sandersjesse,dCl^*0pO67XS
321,tking@example.net,520-599-6043,Kari,Norton,pedwards,$5gguJOw@Q(2
322,conniewarren@example.org,866-041-6448,Marcus,Preston,,23XeQ6Mj)fpE
323,robert27@example.org,043-318-7510,Colleen,Wheeler,bellangie,u5U$VAYH6Saa
324,gregory91@example.org,896-599-9497,Jason,Smith,veronicadavis,N!^x_2EfAi5)
325,mary58@example.org,932-426-8774,Gina,Grant,,qpj5JFqa&Fvz
326,adamcollins@example.org,548-094-0476,Bradley,Dominguez,,%mUuzYONq4lb
327,monicaanderson@example.com,107-051-8439,Joan,Cook,rachael29,vH5b%naf+KQ2
328,collinsann@example.org,579-197-1112,Jessica,Lopez,,)4F&Y6fZs2h0
329,joshuacunningham@example.com,334-324-4741,Tracy,Lane,kelsey87,G23Bsmk3_Pnk
330,taylorjohnson@example.org,827-279-5596,Dominique,Valenzuela,jacqueline50,Cs16PShkXVd#
331,carolyn76@example.com,038-166-4969,Anthony,Hunt,,%xq9CxxAilW0
332,kevinmiller@example.org,361-328-5072,Melvin,Ruiz,ehale,5tGBvOCwbq_6
333,walkercharlotte@example.org,555-809-9613,Devin,Lopez,,D$J9GN#cJ04n
334,riosrichard@example.org,252-986-7076,Roberto,Brown,ogreen,@Pjeoz(1J9qZ
335,james97@example.com,074-017-7509,Gina,King,emily08,ILA#%2Jl0R)_
336,pbarker@example.net,897-015-5029,Tiffany,Little,,^uhQxw7a@6K(
337,heatherwilliams@example.net,736-424-8096,Renee,Gregory,,@I)7WyNg@%%0
338,amber78@example.org,555-572-7738,Heidi,Chambers,,px6TDBvF9%b#
339,bforbes@example.com,873-682-6911,Randy,Lewis,duncangregory,E4s#6YRnYZPR
340,lmoore@example.com,408-572-1696,Terri,Jenkins,montgomerydillon,UI8C0Yct)WkG
341,jennifer32@example.com,352-410-3977,John,Morrison,laurakaufman,oqt6Z^tc(QM1
342,baldwincatherine@example.net,077-046-0568,Crystal,Alexander,garciamelanie,Fa_51XCfLeh)
343,kristin49@example.com,902-284-0359,Michael,Carter,,+eS+u)Wp72oV
344,jennifer86@example.com,925-298-5856,Michelle,Washington,,#Gb%43+Xf8Pf
345,judithcox@example.org,615-814-8881,Tara,Brown,,68HahdL#)S&2
346,clarkjohn@example.net,771-805-1371,Scott,Alvarez,danielsjason,Vp4rjSlaL!*W
347,ppalmer@example.com,483-548-8471,Tiffany,Bautista,,M0%0KqKZ*1ji
348,tgarcia@example.net,392-523-6229,Elaine,Nguyen,,(j7vMUt_C7hL
349,theresawang@example.org,334-450-5665,Angela,Stevenson,,p*59QfMo$$ct
350,dbrown@example.net,548-574-1721,Mark,Rowe,,A2&&UE7s9@j2
351,manuelperez@example.com,534-490-2166,Randy,Tucker,deckerbrian,K5AlkOUY(syj
352,mbishop@example.org,647-725-1295,Shawn,Norman,zpreston,n@4J7tbCL)iA
353,kendraharris@example.org,108-902-8515,Monica,Hebert,,3z5_j#jv)w@G
354,mgonzales@example.org,691-128-9812,Katherine,Martinez,wyang,3+PNNvgGJx5E
355,jerome16@example.com,045-023-2902,April,Taylor,,*0BFI+0txgl1
356,kevingarrett@example.com,950-050-7026,Brandon,Bennett,ericsmith,(NypRcWZ$1N)
357,woodskaitlyn@example.net,323-822-3116,Justin,Gilbert,jeremylopez,_bQKriwJaU4#
358,alexiswalters@example.org,265-097-7539,Richard,Haney,,K9aQIr1D*jL*
359,ronald08@example.org,137-118-4254,Shaun,Tran,,@rPFcm2h8jTR
360,meganpotter@example.org,896-340-6468,Teresa,English,,v!5EBuxw%I*m
361,mmyers@example.org,513-426-1923,Scott,Chambers,,^QjWUdmSX+r0
362,qmassey@example.org,769-274-3811,Whitney,Morrison,john76,q8f06PUdy&*l
363,dalton78@example.net,969-860-9191,Barbara,Wilson,,$Wmf#ZvMp#5S
364,ashleyjohnson@example.com,146-074-5553,Joshua,Bowers,stephen42,Z$hjrO&ERl8Y
365,fedwards@example.net,263-475-5752,Susan,Morris,,td@iSjd2&Wq3
366,randy61@example.net,499-153-7038,Eric,Haney,simpsonmartha,Z3!6@XoIS$3H
367,jasmine54@example.com,553-585-1253,Laura,Riley,,R8n4DdWp4@nM
368,andrewwest@example.net,057-215-1494,Stacey,Luna,wjordan,#RbCUvw_R6BG
369,hamptonchad@example.org,862-339-2207,Jessica,Rivera,shahaudrey,G_o1BZJn&76D
370,warrenandrew@example.net,080-512-0800,Mark,Torres,,91L14Dqc)Ure
371,mcconnellpamela@example.org,441-529-8217,James,Moore,,SGL(TDFvm)5O
372,abbottchristopher@example.net,589-988-6834,Luke,West,kellysims,O&BNMOk9ccn6
373,daniellestevenson@example.net,004-635-8068,Alexandria,Thompson,,^14GdOUX$G0(
374,tracey63@example.com,602-293-9469,Jennifer,Barrera,,tI3mFo2x6!U%
375,chadwilson@example.org,712-852-4648,Justin,Foley,daniel16,2Q1N(#Gpd$KR
376,bateswilliam@example.org,350-902-5425,Steven,Valenzuela,,6e4YCM@K!W9+
377,ortizamanda@example.net,255-021-3060,Anna,Cervantes,,YT^aHyZ8X)1c
378,jmendoza@example.com,853-242-6425,Jody,Reynolds,,Irpz)2BorM%w
379,jenniferharris@example.org,393-957-8654,Jason,Thomas,,Anj@$4o+G81U
380,joshuareese@example.net,269-326-5732,Kathryn,Tucker,,Y)*9QxqC&uEh
381,brandy77@example.com,244-182-2261,Amanda,Montgomery,,#yRsyb_Kh8Gu
382,sarah99@example.org,707-955-1512,Dennis,Evans,hrangel,3kkEyUYk_F6P
383,brettallen@example.com,476-504-7158,Anthony,Wiggins,navarroandrew,G&83PPzme)D7
384,fsellers@example.net,581-021-3125,Calvin,Armstrong,,$gC1^VxxYCba
385,lopezjennifer@example.org,063-301-6583,Thomas,Gonzalez,,M9W*KP^y7qUf
386,katelyn32@example.com,949-684-3645,Jill,Schmidt,juan21,slhJbsKyb!1P
387,jessica57@example.com,757-475-8339,George,Vazquez,,uo7MsOkhJ@&B
388,hamiltonlisa@example.org,292-310-6724,Matthew,Smith,,822JrpObE&we
389,alara@example.com,042-549-6919,David,Campbell,lindsay25,LI7)5aBtxkTC
390,kimberly93@example.net,993-379-7058,Nicole,Cruz,,#MsKf%Gcie9j
391,michael97@example.net,245-759-8339,Cassie,Phillips,,P6!dpAQz#Z3F
392,brittneyblake@example.org,474-397-4292,Marcus,Smith,parrishangela,F^2B1XixBh#K
393,taylorcurtis@example.org,315-551-6517,Richard,Brown,,&&6Wiq4ec@Zd
394,vincentmorris@example.net,608-470-6810,James,Johnson,,D^9PnHa!Y$7F
395,matthew54@example.com,147-079-8632,Daniel,Hughes,,3hnGymE%@Tr6
396,michelleclark@example.net,657-692-7789,Justin,Hatfield,,rpX1wTdGU+$$
397,ramirezdesiree@example.com,014-247-3107,Greg,Rodriguez,,+8OT%d3HF3sM
398,chungnancy@example.net,473-404-3370,Wendy,Williams,shansen,$E3LMWxFS*gD
399,xlucero@example.com,278-656-1942,Marvin,Howard,,p7$YpYrRn+l*
400,ggilmore@example.net,081-904-8235,Tracy,Nguyen,amy68,D_6*ZLns1!kH
401,john64@example.org,813-000-4132,Maria,Becker,kingstephanie,&WDFVmuZVcy5
402,ycallahan@example.net,169-957-0607,Katherine,Miller,,%cY&GCCMB8eL
403,brittneyleonard@example.org,871-827-4968,Desiree,Williams,,Os)09Cq+n21W
404,turnerjeffrey@example.net,973-711-2229,Anna,Kim,laura60,+8W8TJ%7wlHu
405,elizabethgriffin@example.net,584-712-9618,Bernard,Harris,dean60,!^0QAmz6N3bN
406,thomasdavid@example.net,217-819-2365,Sharon,Clayton,,$BY2fFnn&t0w
407,carolroberts@example.org,690-618-1205,Joshua,Campbell,kevin89,OqoVTcWk^4Py
408,crystal44@example.net,835-539-3543,Margaret,Holmes,mramirez,r_iYtESBl&3f
409,isaac75@example.org,674-978-5249,Charles,Martinez,zli,v!LzV1Gz$JyW
410,herbertward@example.org,014-188-4216,Jamie,Vance,smithmatthew,54WJuEn@)40x
411,bestchristopher@example.net,947-113-6337,Chelsea,Mcclain,joshuasmith,poL4NIKsro_@
412,hclarke@example.com,507-896-7935,Drew,Jones,zjackson,$695WKlv63Ll
413,cgraham@example.com,164-534-5472,Gary,Nash,,lo_E8&Tqd$^u
414,monica23@example.com,428-131-9092,Keith,Harrison,pjacobson,^j3jTwSF!R1k
415,masonpatricia@example.com,220-722-3959,Krista,Ford,,e+W$yW9d*h2f
416,hwalton@example.com,287-203-1954,Darrell,Strong,,&O6JjhLli_kH
417,tommy77@example.com,372-603-2145,Brian,Marshall,beaton,9S#Jl^CA@!*h
418,andrew65@example.net,759-545-0891,Nicole,Blake,,j&T8xvvaKB7_
419,preston00@example.com,023-693-6268,Ashley,Mooney,,p7N%0Cuf^$sX
420,crystal58@example.org,984-933-0674,Mark,Hicks,,Ap*_4Bs6s*d6
421,christopher29@example.com,150-666-2670,Matthew,Wood,joe76,o)X0+CFn&k3M
422,victoriasmith@example.org,024-559-1024,Mark,Williams,mcneilchristina,*VXMp9%W72d$
423,longmatthew@example.org,775-844-6634,Elizabeth,Clark,jhernandez,q_z)f8CB!1Bs
424,sharon37@example.net,052-635-1004,Perry,Hess,zbarrett,+h5Oweq1q06&
425,mkrueger@example.net,260-055-9550,Daniel,Ingram,,CagPRrze(3wG
426,amber70@example.com,506-917-6799,Jerry,Edwards,shannonevans,067R$wvH_wlH
427,kayla07@example.net,388-413-6852,Amy,Gonzalez,pmiller,)77abIt3$*Ad
428,mcgrathmorgan@example.org,314-217-5188,Steven,Martinez,,&k9G2zft_xiI
429,timothymiddleton@example.net,505-661-8632,James,Walsh,cherryjulie,_7Fs#RUybFDh
430,meganwheeler@example.net,192-778-8519,Lisa,Hartman,john86,%bzdDzboyyE0
431,zavalamark@example.net,128-991-5114,Katrina,Flores,whitejason,@3htBeiqSta*
432,joseph02@example.org,190-170-7568,Daniel,Moore,,(ZUqY@ke3wCP
433,barbara37@example.net,306-396-3845,Derek,Beltran,sbartlett,36Td(VhdUmU%
434,whitneymcgee@example.net,162-341-9031,Maria,Smith,,_fk5CGaoK2@3
435,bavery@example.org,406-720-0784,James,Rodriguez,,1i%2JLAi2pox
436,bconway@example.org,763-882-1458,Jonathan,Garcia,,h@8r58lj_TZl
437,hernandezandrew@example.net,869-507-3214,Jennifer,Coleman,,Ybx4ESYg+pEi
438,bbernard@example.net,119-236-0376,Amanda,Rodgers,,_w48OtIzZ@s&
439,bradleybarker@example.net,207-365-1189,Jerome,Johnston,simmonsmichael,^gyUR2mw$172
440,iperez@example.org,135-462-1276,Adrian,Brooks,,(i2+(VmnQ(cw
441,stephaniecoleman@example.net,745-493-0364,Nicholas,Nichols,,9sDzw(Nt@g_Q
442,allenandrea@example.com,881-445-8220,Ronald,Horn,,$2QY^fSgB0Zz
443,frederick91@example.org,371-785-0902,Vanessa,Edwards,nortonwilliam,%mWUN4If1iPk
444,cmcdonald@example.net,004-365-5158,Joshua,Hernandez,,&lP9F$DhUfS#
445,robertchase@example.net,795-098-2210,Joseph,Williams,,)TR@Y7q16OuI
446,rossjohn@example.net,126-942-8946,Kenneth,Smith,iavila,^x8N$GgY+wF9
447,matthew24@example.org,017-646-4489,Susan,Moreno,,!TPXdCxMn%3#
448,sabrinaclark@example.com,384-951-6321,Christopher,Dawson,,*8$y5&xO)ZzO
449,hullcheryl@example.net,756-178-6880,Alex,Lopez,osbornanthony,@)Wu6Fne75yY
450,peterlynch@example.com,201-491-1894,Daniel,Carter,,D$_z6Qp3W_58
451,dominguezmeredith@example.com,288-605-0537,Selena,Patterson,stonecody,o+vq%NEyWm2G
452,corythompson@example.org,455-068-8269,Daniel,Sims,,Z_3*6Y#rs!RL
453,ricklewis@example.net,591-015-7090,William,Kaiser,,91@zZVjhe)1i
454,hdavis@example.com,285-969-3259,Dakota,Smith,,(pwr(ot4j4JS
455,branchthomas@example.com,176-072-3483,Abigail,Robinson,debra82,ny8sxYa_d_DS
456,ryanadams@example.net,696-561-3087,Lindsey,Garcia,katieaguirre,^o9K+Vjy8spn
457,contreraswillie@example.net,661-016-8311,Elizabeth,Olsen,madison00,@8QWpBbjpQ6w
458,jeffrey44@example.org,777-946-2072,Jessica,Hines,mpowers,lhOYAGr+#W57
459,wallerjames@example.com,312-552-3561,Tanner,Ho,,c*004JGfBMSy
460,vanceamy@example.com,490-295-0264,William,Dudley,reynoldsjustin,c!HRusggPO3n
461,curtislee@example.net,629-857-9736,Michelle,Hall,nancycharles,#DULgOVkZHu8
462,zyoung@example.net,205-068-2122,Jeffrey,Bailey,christopherlong,_zvcH+Ayv5UC
463,joe99@example.net,480-220-5093,Eileen,Daniels,,9xZAWoXw+&DW
464,ldavis@example.org,867-673-8209,Shannon,James,,YyOCGxYt@9+n
465,cgamble@example.net,858-062-3504,Nicole,Alvarado,,XcU6)8MxD^6v
466,michaelochoa@example.com,232-894-6338,Susan,Bradshaw,,7ctMifu1v5x@
467,curtis81@example.net,655-078-4685,Alexis,Flores,,!AY*sh^nt40I
468,laura15@example.org,641-547-1553,Daniel,Daniel,christine36,lL*@X8Dhl8i&
469,hortonalexandra@example.net,092-704-5238,Alison,Gates,richard25,wpVINb8p(e6y
470,yoconnell@example.com,942-824-9116,Tricia,Johnson,,!04B5e)qrnlq
471,timothy83@example.net,682-144-4889,Patrick,Willis,,xd+JEpf9Ih)7
472,stephaniejones@example.org,281-231-2392,Natasha,Brewer,claire06,67+f0C0qQ&L+
473,anna47@example.org,629-052-9187,Patrick,Sandoval,,$1M(Mbc2k1ua
474,joycekeith@example.org,659-143-8823,Peggy,Nguyen,,^RBZ7sfMh3+H
475,michelle97@example.net,127-997-0292,Scott,Martin,john97,(em_wXd)#bx7
476,glenware@example.com,879-788-8975,Frances,Steele,,E+RuluVm#q55
477,daniel15@example.org,391-029-2950,Christopher,Gonzalez,,X8GbM3V&x_%+
478,wortiz@example.net,201-911-1661,David,White,,9faXib2Y@#UJ
479,stanleymcdowell@example.com,812-421-1408,Felicia,Garrett,,#5+9)oVdFxAs
480,jennifercarroll@example.com,297-013-7124,James,Mcconnell,amber64,#rj@zuJi+3OA
481,reynoldsmichelle@example.org,632-248-1554,Stephanie,Moore,,ew6)0HIOt_Fs
482,xlawrence@example.com,546-234-7124,Steven,Smith,peterskayla,@tkS*Big+Q(1
483,hernandezanthony@example.net,150-713-8067,Cristian,Brown,,xm9xwK2c+23K
484,mwarner@example.com,703-180-5339,Richard,Carson,,*+E%5mp@%4N*
485,popebrent@example.net,771-400-4938,Kayla,Arnold,,pY7!Yz%w$+9l
486,hlogan@example.com,313-797-1669,Angela,Carter,godonnell,#PU6niKjc3V9
487,dawsonrhonda@example.org,620-370-8782,Daniel,Jenkins,,aU0sSy&zd#PP
488,daughertysydney@example.net,889-480-1864,Kevin,Taylor,,P@LKPK!qm77N
489,omarmiller@example.net,611-287-9429,Ellen,Castro,,hxzuN2OV4(s&
490,jwilliams@example.net,327-488-3565,Daniel,Galvan,owhite,Z!9SfNw7P+K+
491,tinakelly@example.org,648-820-8934,Amanda,Patel,,r37TzhKUJb%(
492,michaelcampos@example.net,236-133-7605,Jacob,Wright,manuel81,&wt8A_Y*B529
493,ecampos@example.net,182-498-9808,Amber,Solomon,clinesteven,^8QDkoYu(2Si
494,jhorton@example.com,486-941-5594,Tiffany,Lara,,!W1ojztur$1D
495,marissamedina@example.net,636-536-2189,Jordan,Watson,grayadrian,!lAx6$Uuc9sp
496,kristina42@example.org,456-577-5809,Shannon,Benton,tami38,)j7NGeYjC0(Y
497,nealemma@example.org,212-242-7677,Lance,Taylor,,^C8y&tpm9kZz
498,folson@example.net,231-299-5704,Sean,Gamble,ksparks,_u$R4CNe6VGh
499,miguelbaker@example.net,242-183-8545,Laura,Whitney,,v6a9Bgqv%02v
500,nfleming@example.net,177-633-4272,Anthony,Dillon,ecohen,a%oWGa$C5#X*
