id,email,phone_number,first_name,last_name,date_joined,is_active
1,johnsonjoshua@example.org,(518)519-6001,William,Johnson,2023-08-05T10:42:49.499158,True
2,lrobinson@example.com,3268542351,Colin,Abbott,2024-05-27T05:01:20.976345,True
3,blairamanda@example.com,584-695-9310,Tracie,Wyatt,2024-12-05T03:33:47.640216,True
4,oramirez@example.com,(555)434-1928,Steven,Nelson,2025-01-17T04:18:05.304071,True
5,gabriellecameron@example.org,505.964.1395,Randall,Rocha,2024-02-11T09:09:28.550423,True
6,donald88@example.com,001-496-496-5328x7101,Laura,Henderson,2023-04-28T14:31:29.103446,True
7,dcarlson@example.net,280-618-4514x627,Teresa,Gill,2024-03-18T01:13:08.155053,True
8,harrellkenneth@example.net,793.625.2880x95701,John,Allen,2024-04-30T15:25:01.579516,True
9,millertodd@example.org,001-682-827-8248x96383,Wanda,Santos,2024-01-27T05:20:52.379336,False
10,omartinez@example.org,309-583-9301x03105,Joshua,Washington,2024-04-10T02:22:40.630533,True
11,esanchez@example.com,311.265.6670,Richard,Morgan,2024-12-01T15:13:00.496271,True
12,jamesherrera@example.org,(424)873-1781x08013,Todd,Lewis,2023-12-31T03:38:00.274692,True
13,martinaaron@example.com,274-768-7234x309,Brian,Silva,2024-03-14T12:31:08.562580,True
14,brianromero@example.org,291-336-1939,Robert,Silva,2024-03-29T01:57:47.278810,True
15,james53@example.com,(524)675-1079x9118,David,Bailey,2023-05-02T10:48:13.673770,True
16,mikemoore@example.net,001-449-680-8412x411,Juan,Clark,2023-11-18T16:00:00.442992,True
17,william40@example.org,+1-264-300-5242x7868,Charles,Ware,2025-01-01T12:01:45.591145,False
18,davenportbrandi@example.org,(420)545-0533x15869,Michelle,Cherry,2024-10-25T10:50:53.244850,True
19,vjohnson@example.com,(534)221-6073x37543,Donna,Ross,2023-10-02T17:07:21.490990,False
20,rasmussenjoshua@example.net,768.750.1429x40196,Samuel,Joyce,2023-06-05T16:14:01.952253,True
21,jonathanfletcher@example.org,783.856.1595x14846,Heidi,Spencer,2023-07-31T08:02:09.337411,True
22,lbyrd@example.net,001-746-980-4436,Scott,Lowe,2024-03-20T14:26:40.738872,True
23,donnacampbell@example.net,+1-395-913-4332x0037,Robert,Soto,2023-08-02T05:31:57.869785,False
24,psnyder@example.org,+1-401-963-2870x8317,Elizabeth,Travis,2024-05-21T03:58:18.229055,True
25,usalazar@example.net,(387)627-7434x87347,Jimmy,Rogers,2024-12-24T12:54:19.006560,True
26,taylorjesse@example.net,(231)566-5876,Marissa,Price,2024-09-25T12:28:38.921700,True
27,gateskathy@example.com,805.946.6889x3734,Anthony,Rogers,2024-07-21T07:10:37.344764,True
28,dramsey@example.org,+1-280-669-9016x272,Nicholas,Lewis,2023-11-06T22:53:28.554694,True
29,aramirez@example.com,270-580-5310,James,Smith,2023-07-02T12:16:53.913983,True
30,thomaswilson@example.org,645.829.9124x190,Randy,Espinoza,2023-05-07T17:07:16.576447,True
31,curtisbarton@example.net,+1-819-905-8651x850,Daniel,Yu,2024-06-19T11:33:37.797551,False
32,bzimmerman@example.org,001-684-998-7769x4531,John,Marshall,2024-06-01T00:49:47.925665,True
33,frogers@example.com,(273)554-5494,Christopher,Cortez,2024-03-04T02:17:59.256911,True
34,hannahbrewer@example.com,701.843.6349x578,Wendy,Pierce,2023-11-25T04:33:38.883882,True
35,qnelson@example.org,635-618-2337,Tina,Wall,2023-10-15T14:26:17.864384,True
36,harry08@example.org,900-984-2710x947,Matthew,Sheppard,2023-09-13T15:07:02.828983,True
37,ewilson@example.com,519.802.2941x3186,Shannon,Ramos,2024-11-30T12:48:59.778954,False
38,ntorres@example.org,+1-213-834-1232x812,Shannon,Wheeler,2023-10-11T23:00:19.983000,True
39,keithcampbell@example.com,434-693-6183,Margaret,Jones,2023-07-12T09:39:58.311644,False
40,brooke94@example.com,374-264-8877,Pamela,Navarro,2024-05-27T04:48:18.973858,True
41,davissuzanne@example.net,001-604-490-2787,Wendy,Graham,2024-10-27T23:44:20.508405,True
42,harrisonricky@example.com,+1-712-356-7468x07154,Tara,Powell,2024-03-23T02:26:31.162678,True
43,sandovalamy@example.com,6384597703,Sara,Kim,2024-08-04T06:10:18.662001,True
44,johnsoncrystal@example.org,001-424-980-8613x171,Sarah,Carter,2024-08-09T11:43:32.153800,True
45,edavenport@example.org,682.263.9821x465,Justin,Evans,2024-05-14T22:41:52.509330,True
46,cgrimes@example.net,855.288.6753x3963,Louis,Kennedy,2025-01-08T10:36:24.320639,True
47,qhughes@example.net,(370)928-9517,Alexis,Thomas,2024-12-08T09:33:58.701126,True
48,charlesharrington@example.com,696-515-8657x80913,Julie,Hamilton,2023-05-24T02:38:42.500578,True
49,wallaceheather@example.org,8504455623,George,Miller,2024-12-08T07:55:45.625563,True
50,tyleraguilar@example.org,647.840.7482x175,Hannah,Bryant,2023-10-19T21:26:22.594113,True
